{"POLITICS": [{"preamble1.wav": 0.8336452842}, {"t4.wav": 0.3270615935}], "GREEN": [{"Ayushi.wav": 0.9120643735}], "RELIGION": [{"t10.wav": 0.3350679576}], "TRAVEL": [{"t9.wav": 0.3661249578}]}